file,chapter,figure,pdf,page,x,y,width,height,dpi
ch02-fig01.png,02,01,"sources/Michael Spivak - Calculus, 4th Edition (2008).pdf",55,24.0,618.0,242.0,228.0,150
ch04-fig01.png,04,01,sources/chapters/ch04-graphs.pdf,1,18.0,325.0,250.0,50.0,150
ch04-fig02.png,04,02,sources/chapters/ch04-graphs.pdf,1,18.0,698.0,265.0,45.0,150
ch04-fig03.png,04,03,sources/chapters/ch04-graphs.pdf,2,10.0,68.0,285.0,215.0,150
ch04-fig04.png,04,04,sources/chapters/ch04-graphs.pdf,2,10.0,328.0,275.0,180.0,150
ch04-fig05.png,04,05,sources/chapters/ch04-graphs.pdf,2,10.0,510.0,255.0,130.0,150
ch04-fig06.png,04,06,sources/chapters/ch04-graphs.pdf,2,8.0,645.0,265.0,185.0,150
ch04-fig07.png,04,07,sources/chapters/ch04-graphs.pdf,4,16.0,98.0,275.0,180.0,150
ch04-fig08.png,04,08,sources/chapters/ch04-graphs.pdf,4,16.0,328.0,275.0,180.0,150
ch04-fig09.png,04,09,sources/chapters/ch04-graphs.pdf,4,16.0,572.0,275.0,210.0,150
ch04-fig10.png,04,10,sources/chapters/ch04-graphs.pdf,3,6.0,48.0,250.0,425.0,150
ch04-fig11.png,04,11,sources/chapters/ch04-graphs.pdf,3,295.0,500.0,450.0,345.0,150
ch04-fig12.png,04,12,sources/chapters/ch04-graphs.pdf,5,10.0,68.0,275.0,255.0,150
ch04-fig13.png,04,13,sources/chapters/ch04-graphs.pdf,5,8.0,375.0,165.0,460.0,150
ch04-fig14.png,04,14,sources/chapters/ch04-graphs.pdf,5,255.0,515.0,300.0,320.0,150
ch04-fig15.png,04,15,sources/chapters/ch04-graphs.pdf,6,6.0,65.0,285.0,430.0,150
ch04-fig16.png,04,16,sources/chapters/ch04-graphs.pdf,6,248.0,555.0,505.0,290.0,150
ch04-fig17.png,04,17,sources/chapters/ch04-graphs.pdf,7,170.0,65.0,490.0,320.0,150
ch04-fig18.png,04,18,sources/chapters/ch04-graphs.pdf,7,150.0,405.0,530.0,430.0,150
ch04-fig19.png,04,19,sources/chapters/ch04-graphs.pdf,8,225.0,190.0,510.0,150.0,150
ch04-fig20.png,04,20,sources/chapters/ch04-graphs.pdf,8,220.0,595.0,510.0,235.0,150
ch04-fig21.png,04,21,sources/chapters/ch04-graphs.pdf,9,225.0,25.0,520.0,360.0,150
ch04-fig22.png,04,22,sources/chapters/ch04-graphs.pdf,9,275.0,495.0,430.0,340.0,150
ch04-fig23.png,04,23,sources/chapters/ch04-graphs.pdf,10,10.0,18.0,255.0,280.0,150
ch04-fig24.png,04,24,sources/chapters/ch04-graphs.pdf,10,275.0,385.0,390.0,140.0,150
ch04-fig25.png,04,25,sources/chapters/ch04-graphs.pdf,10,10.0,550.0,255.0,185.0,150
ch04-fig26.png,04,26,sources/chapters/ch04-graphs.pdf,11,245.0,675.0,490.0,155.0,150
ch04-fig27.png,04,27,sources/chapters/ch04-graphs.pdf,12,6.0,140.0,275.0,185.0,150
ch04-fig28.png,04,28,sources/chapters/ch04-graphs.pdf,12,245.0,575.0,510.0,255.0,150
ch04-fig29.png,04,29,sources/chapters/ch04-graphs.pdf,15,10.0,485.0,230.0,190.0,150
ch04-fig30.png,04,30,sources/chapters/ch04-graphs.pdf,18,6.0,505.0,275.0,195.0,150
ch04-fig31.png,04,31,sources/chapters/ch04-graphs.pdf,19,10.0,75.0,275.0,150.0,150
ch04-fig32.png,04,32,sources/chapters/ch04-graphs.pdf,20,16.0,225.0,210.0,150.0,150
ch04-fig33.png,04,33,sources/chapters/ch04-graphs.pdf,20,6.0,615.0,270.0,210.0,150
ch04-fig34.png,04,34,sources/chapters/ch04-graphs.pdf,21,16.0,75.0,255.0,170.0,150
ch04-fig35.png,04,35,sources/chapters/ch04-graphs.pdf,21,16.0,370.0,255.0,170.0,150
ch04-fig36.png,04,36,sources/chapters/ch04-graphs.pdf,21,16.0,595.0,255.0,240.0,150
ch04-fig37.png,04,37,sources/chapters/ch04-graphs.pdf,22,16.0,75.0,255.0,290.0,150
ch04-fig38.png,04,38,sources/chapters/ch04-graphs.pdf,22,16.0,425.0,255.0,165.0,150
ch04-fig39.png,04,39,sources/chapters/ch04-graphs.pdf,22,16.0,715.0,235.0,120.0,150
ch04-fig40.png,04,40,sources/chapters/ch04-graphs.pdf,24,10.0,135.0,255.0,205.0,150
ch04-fig41.png,04,41,sources/chapters/ch04-graphs.pdf,24,10.0,695.0,255.0,130.0,150
ch04-fig42.png,04,42,sources/chapters/ch04-graphs.pdf,25,10.0,115.0,255.0,140.0,150
ch04-fig43.png,04,43,sources/chapters/ch04-graphs.pdf,25,275.0,245.0,290.0,220.0,150
ch04-fig44.png,04,44,sources/chapters/ch04-graphs.pdf,25,275.0,595.0,260.0,190.0,150
ch04-fig45.png,04,45,sources/chapters/ch04-graphs.pdf,26,8.0,125.0,260.0,185.0,150
ch04-fig46.png,04,46,sources/chapters/ch04-graphs.pdf,26,8.0,495.0,270.0,155.0,150
ch04-fig47.png,04,47,sources/chapters/ch04-graphs.pdf,27,245.0,305.0,510.0,225.0,150
ch04-fig48.png,04,48,sources/chapters/ch04-graphs.pdf,27,10.0,650.0,95.0,125.0,150
ch04-fig49.png,04,49,sources/chapters/ch04-graphs.pdf,28,8.0,115.0,260.0,225.0,150
ch04-fig50.png,04,50,sources/chapters/ch04-graphs.pdf,28,240.0,495.0,515.0,320.0,150
ch04-fig51.png,04,51,sources/chapters/ch04-graphs.pdf,29,10.0,110.0,255.0,150.0,150
ch04-fig52.png,04,52,sources/chapters/ch04-graphs.pdf,29,245.0,495.0,290.0,230.0,150
ch04-fig53.png,04,53,sources/chapters/ch04-graphs.pdf,30,14.0,90.0,240.0,185.0,150
ch04-fig54.png,04,54,sources/chapters/ch04-graphs.pdf,30,295.0,455.0,360.0,240.0,150
ch04-fig55.png,04,55,sources/chapters/ch04-graphs.pdf,30,8.0,415.0,240.0,400.0,150
ch04-fig56.png,04,56,sources/chapters/ch04-graphs.pdf,31,240.0,405.0,415.0,190.0,150
ch04-fig57.png,04,57,sources/chapters/ch04-graphs.pdf,33,8.0,650.0,240.0,165.0,150
ch04-fig58.png,04,58,sources/chapters/ch04-graphs.pdf,34,8.0,210.0,260.0,150.0,150
ch05-fig01.png,05,01,sources/chapters/ch05-limits.pdf,1,248.0,488.0,475.0,218.0,150
ch05-fig02.png,05,02,sources/chapters/ch05-limits.pdf,2,228.0,42.0,512.0,145.0,150
ch05-fig03.png,05,03,sources/chapters/ch05-limits.pdf,2,230.0,302.0,250.0,118.0,150
ch05-fig04.png,05,04,sources/chapters/ch05-limits.pdf,2,500.0,300.0,238.0,122.0,150
ch05-fig05.png,05,05,sources/chapters/ch05-limits.pdf,2,228.0,612.0,512.0,205.0,150
ch05-fig06.png,05,06,sources/chapters/ch05-limits.pdf,3,4.0,138.0,248.0,175.0,150
ch05-fig07.png,05,07,sources/chapters/ch05-limits.pdf,5,4.0,362.0,250.0,108.0,150
ch05-fig08.png,05,08,sources/chapters/ch05-limits.pdf,5,4.0,588.0,250.0,168.0,150
ch05-fig09.png,05,09,sources/chapters/ch05-limits.pdf,6,4.0,308.0,252.0,252.0,150
ch05-fig10.png,05,10,sources/chapters/ch05-limits.pdf,6,4.0,698.0,255.0,128.0,150
ch05-fig11.png,05,11,sources/chapters/ch05-limits.pdf,7,248.0,248.0,485.0,195.0,150
ch05-fig12.png,05,12,sources/chapters/ch05-limits.pdf,7,4.0,448.0,250.0,145.0,150
ch05-fig13.png,05,13,sources/chapters/ch05-limits.pdf,8,4.0,72.0,252.0,215.0,150
ch05-fig14.png,05,14,sources/chapters/ch05-limits.pdf,8,4.0,328.0,252.0,158.0,150
ch05-fig15.png,05,15,sources/chapters/ch05-limits.pdf,10,248.0,338.0,485.0,220.0,150
ch05-fig16.png,05,16,sources/chapters/ch05-limits.pdf,11,4.0,648.0,250.0,72.0,150
ch05-fig17.png,05,17,sources/chapters/ch05-limits.pdf,17,4.0,52.0,250.0,315.0,150
ch05-fig18.png,05,18,sources/chapters/ch05-limits.pdf,17,4.0,400.0,250.0,105.0,150
ch05-fig19.png,05,19,sources/chapters/ch05-limits.pdf,18,248.0,215.0,430.0,100.0,150
ch05-fig20.png,05,20,sources/chapters/ch05-limits.pdf,24,4.0,132.0,258.0,162.0,150
ch06-fig01.png,06,01,sources/chapters/ch06-continuous-functions.pdf,1,12.0,205.0,150.0,145.0,150
ch06-fig02.png,06,02,sources/chapters/ch06-continuous-functions.pdf,1,258.0,335.0,478.0,172.0,150
ch06-fig03.png,06,03,sources/chapters/ch06-continuous-functions.pdf,1,12.0,648.0,155.0,172.0,150
ch06-fig04.png,06,04,sources/chapters/ch06-continuous-functions.pdf,2,10.0,242.0,180.0,385.0,150
ch06-fig05.png,06,05,sources/chapters/ch06-continuous-functions.pdf,4,15.0,498.0,225.0,127.0,150
ch07-fig01.png,07,01,sources/chapters/ch07-three-hard-theorems.pdf,1,15.0,640.0,230.0,210.0,150
ch07-fig02.png,07,02,sources/chapters/ch07-three-hard-theorems.pdf,1,255.0,600.0,260.0,245.0,150
ch07-fig03.png,07,03,sources/chapters/ch07-three-hard-theorems.pdf,1,505.0,640.0,240.0,210.0,150
ch07-fig04.png,07,04,sources/chapters/ch07-three-hard-theorems.pdf,2,20.0,70.0,240.0,210.0,150
ch07-fig05.png,07,05,sources/chapters/ch07-three-hard-theorems.pdf,2,20.0,280.0,250.0,250.0,150
ch07-fig06.png,07,06,sources/chapters/ch07-three-hard-theorems.pdf,2,20.0,530.0,240.0,270.0,150
ch07-fig07.png,07,07,sources/chapters/ch07-three-hard-theorems.pdf,4,15.0,150.0,235.0,280.0,150
ch07-fig08.png,07,08,sources/chapters/ch07-three-hard-theorems.pdf,5,15.0,500.0,240.0,220.0,150
ch07-fig09.png,07,09,sources/chapters/ch07-three-hard-theorems.pdf,7,15.0,250.0,240.0,290.0,150
ch07-fig10.png,07,10,sources/chapters/ch07-three-hard-theorems.pdf,6,15.0,185.0,240.0,315.0,150
ch07-fig11.png,07,11,sources/chapters/ch07-three-hard-theorems.pdf,6,15.0,530.0,240.0,250.0,150
ch07-fig12.png,07,12,sources/chapters/ch07-three-hard-theorems.pdf,8,15.0,50.0,253.0,200.0,150
ch07-fig13.png,07,13,sources/chapters/ch07-three-hard-theorems.pdf,8,15.0,250.0,250.0,270.0,150
ch07-fig14.png,07,14,sources/chapters/ch07-three-hard-theorems.pdf,11,15.0,140.0,235.0,240.0,150
ch07-fig15.png,07,15,sources/chapters/ch07-three-hard-theorems.pdf,10,15.0,145.0,245.0,205.0,150
ch07-fig16.png,07,16,sources/chapters/ch07-three-hard-theorems.pdf,10,15.0,390.0,235.0,180.0,150
ch08-fig01.png,08,01,sources/chapters/ch08-least-upper-bounds.pdf,2,22.0,145.0,200.0,140.0,150
ch08-fig02.png,08,02,sources/chapters/ch08-least-upper-bounds.pdf,2,22.0,475.0,230.0,145.0,150
ch08-fig03.png,08,03,sources/chapters/ch08-least-upper-bounds.pdf,2,22.0,700.0,230.0,128.0,150
ch08-fig04.png,08,04,sources/chapters/ch08-least-upper-bounds.pdf,3,255.0,528.0,390.0,275.0,150
ch08-fig05.png,08,05,sources/chapters/ch08-least-upper-bounds.pdf,5,18.0,325.0,250.0,195.0,150
ch08-fig06.png,08,06,sources/chapters/ch08-least-upper-bounds.pdf,9,18.0,125.0,225.0,195.0,150
ch08-fig07.png,08,07,sources/chapters/ch08-least-upper-bounds.pdf,9,18.0,405.0,165.0,175.0,150
ch08-fig08.png,08,08,sources/chapters/ch08-least-upper-bounds.pdf,10,370.0,128.0,350.0,32.0,150
ch08-fig09.png,08,09,sources/chapters/ch08-least-upper-bounds.pdf,11,235.0,305.0,490.0,175.0,150
ch08-fig10.png,08,10,sources/chapters/ch08-least-upper-bounds.pdf,12,18.0,168.0,250.0,255.0,150
ch08-fig11.png,08,11,sources/chapters/ch08-least-upper-bounds.pdf,13,22.0,188.0,245.0,62.0,150
