file,source,kind,dpi
calcu5-fig1.jpg,rendered/calcu5-fig1.svg,svg,300
ch04-fig01.jpg,geometric/ch04-fig01.tex,tex,300
ch04-fig02.jpg,geometric/ch04-fig02.tex,tex,300
ch04-fig03.jpg,geometric/ch04-fig03.tex,tex,300
ch04-fig04.jpg,geometric/ch04-fig04.tex,tex,300
ch04-fig05.jpg,plots/ch04-fig05.tex,tex,300
ch04-fig06.jpg,plots/ch04-fig06.tex,tex,300
ch04-fig07.jpg,geometric/ch04-fig07.tex,tex,300
ch04-fig08.jpg,geometric/ch04-fig08.tex,tex,300
ch04-fig09.jpg,plots/ch04-fig09.tex,tex,300
ch04-fig10.jpg,geometric/ch04-fig10.tex,tex,300
ch04-fig11.jpg,geometric/ch04-fig11.tex,tex,300
ch04-fig12.jpg,plots/ch04-fig12.tex,tex,300
ch04-fig13.jpg,geometric/ch04-fig13.tex,tex,300
ch04-fig14.jpg,plots/ch04-fig14.tex,tex,300
ch04-fig15.jpg,plots/ch04-fig15.tex,tex,300
ch04-fig16.jpg,geometric/ch04-fig16.tex,tex,300
ch04-fig17.jpg,plots/ch04-fig17.tex,tex,300
ch04-fig18.jpg,plots/ch04-fig18.tex,tex,300
ch04-fig19.jpg,plots/ch04-fig19.tex,tex,300
ch04-fig20.jpg,plots/ch04-fig20.tex,tex,300
ch04-fig21.jpg,plots/ch04-fig21.tex,tex,300
ch04-fig22.jpg,plots/ch04-fig22.tex,tex,300
ch04-fig23.jpg,plots/ch04-fig23.tex,tex,300
ch04-fig24.jpg,geometric/ch04-fig24.tex,tex,300
ch04-fig25.jpg,geometric/ch04-fig25.tex,tex,300
ch04-fig26.jpg,geometric/ch04-fig26.tex,tex,300
ch04-fig27.jpg,plots/ch04-fig27.tex,tex,300
ch04-fig28.jpg,plots/ch04-fig28.tex,tex,300
ch04-fig29.jpg,geometric/ch04-fig29.tex,tex,300
ch04-fig30.jpg,plots/ch04-fig30.tex,tex,300
ch04-fig31.jpg,geometric/ch04-fig31.tex,tex,300
ch04-fig32.jpg,geometric/ch04-fig32.tex,tex,300
ch04-fig33.jpg,geometric/ch04-fig33.tex,tex,300
ch04-fig34.jpg,geometric/ch04-fig34.tex,tex,300
ch04-fig35.jpg,geometric/ch04-fig35.tex,tex,300
ch04-fig36.jpg,geometric/ch04-fig36.tex,tex,300
ch04-fig37.jpg,geometric/ch04-fig37.tex,tex,300
ch04-fig38.jpg,geometric/ch04-fig38.tex,tex,300
ch04-fig39.jpg,geometric/ch04-fig39.tex,tex,300
ch04-fig40.jpg,geometric/ch04-fig40.tex,tex,300
ch04-fig41.jpg,geometric/ch04-fig41.tex,tex,300
ch04-fig42.jpg,geometric/ch04-fig42.tex,tex,300
ch04-fig43.jpg,geometric/ch04-fig43.tex,tex,300
ch04-fig44.jpg,geometric/ch04-fig44.tex,tex,300
ch04-fig45.jpg,geometric/ch04-fig45.tex,tex,300
ch04-fig46.jpg,geometric/ch04-fig46.tex,tex,300
ch04-fig47.jpg,rendered/ch04-fig47.svg,svg,300
ch04-fig48.jpg,rendered/ch04-fig48.svg,svg,300
ch04-fig49.jpg,rendered/ch04-fig49.svg,svg,300
ch04-fig50.jpg,rendered/ch04-fig50.svg,svg,300
ch04-fig51.jpg,geometric/ch04-fig51.tex,tex,300
ch04-fig52.jpg,geometric/ch04-fig52.tex,tex,300
ch04-fig53.jpg,geometric/ch04-fig53.tex,tex,300
ch04-fig54.jpg,geometric/ch04-fig54.tex,tex,300
ch04-fig55.jpg,geometric/ch04-fig55.tex,tex,300
ch04-fig56.jpg,geometric/ch04-fig56.tex,tex,300
ch04-fig57.jpg,geometric/ch04-fig57.tex,tex,300
ch04-fig58.jpg,geometric/ch04-fig58.tex,tex,300
ch05-fig01.jpg,geometric/ch05-fig01.tex,tex,300
ch05-fig02.jpg,geometric/ch05-fig02.tex,tex,300
ch05-fig03.jpg,geometric/ch05-fig03.tex,tex,300
ch05-fig04.jpg,geometric/ch05-fig04.tex,tex,300
ch05-fig05.jpg,geometric/ch05-fig05.tex,tex,300
ch05-fig06.jpg,plots/ch05-fig06.tex,tex,300
ch05-fig07.jpg,geometric/ch05-fig07.tex,tex,300
ch05-fig08.jpg,plots/ch05-fig08.tex,tex,300
ch05-fig09.jpg,plots/ch05-fig09.tex,tex,300
ch05-fig10.jpg,plots/ch05-fig10.tex,tex,300
ch05-fig11.jpg,plots/ch05-fig11.tex,tex,300
ch05-fig12.jpg,plots/ch05-fig12.tex,tex,300
ch05-fig13.jpg,geometric/ch05-fig13.tex,tex,300
ch05-fig14.jpg,geometric/ch05-fig14.tex,tex,300
ch05-fig15.jpg,plots/ch05-fig15.tex,tex,300
ch05-fig16.jpg,geometric/ch05-fig16.tex,tex,300
ch05-fig17.jpg,geometric/ch05-fig17.tex,tex,300
ch05-fig18.jpg,geometric/ch05-fig18.tex,tex,300
ch05-fig19.jpg,plots/ch05-fig19.tex,tex,300
ch05-fig20.jpg,plots/ch05-fig20.tex,tex,300
ch06-fig01.jpg,geometric/ch06-fig01.tex,tex,300
ch06-fig02.jpg,geometric/ch06-fig02.tex,tex,300
ch06-fig03.jpg,geometric/ch06-fig03.tex,tex,300
ch06-fig04.jpg,plots/ch06-fig04.tex,tex,300
ch06-fig05.jpg,geometric/ch06-fig05.tex,tex,300
ch07-fig01.jpg,geometric/ch07-fig01.tex,tex,300
ch07-fig02.jpg,geometric/ch07-fig02.tex,tex,300
ch07-fig03.jpg,geometric/ch07-fig03.tex,tex,300
ch07-fig04.jpg,geometric/ch07-fig04.tex,tex,300
ch07-fig05.jpg,plots/ch07-fig05.tex,tex,300
ch07-fig06.jpg,geometric/ch07-fig06.tex,tex,300
ch07-fig07.jpg,plots/ch07-fig07.tex,tex,300
ch07-fig08.jpg,geometric/ch07-fig08.tex,tex,300
ch07-fig09.jpg,geometric/ch07-fig09.tex,tex,300
ch07-fig10.jpg,geometric/ch07-fig10.tex,tex,300
ch07-fig11.jpg,geometric/ch07-fig11.tex,tex,300
ch07-fig12.jpg,geometric/ch07-fig12.tex,tex,300
ch07-fig13.jpg,geometric/ch07-fig13.tex,tex,300
ch07-fig14.jpg,geometric/ch07-fig14.tex,tex,300
ch07-fig15.jpg,geometric/ch07-fig15.tex,tex,300
ch07-fig16.jpg,geometric/ch07-fig16.tex,tex,300
ch08-fig01.jpg,plots/ch08-fig01.tex,tex,300
ch08-fig02.jpg,plots/ch08-fig02.tex,tex,300
ch08-fig03.jpg,plots/ch08-fig03.tex,tex,300
ch08-fig04.jpg,plots/ch08-fig04.tex,tex,300
ch08-fig05.jpg,plots/ch08-fig05.tex,tex,300
ch08-fig06.jpg,plots/ch08-fig06.tex,tex,300
ch08-fig07.jpg,geometric/ch08-fig07.tex,tex,300
ch08-fig08.jpg,geometric/ch08-fig08.tex,tex,300
ch08-fig09.jpg,plots/ch08-fig09.tex,tex,300
ch08-fig10.jpg,plots/ch08-fig10.tex,tex,300
ch08-fig11.jpg,geometric/ch08-fig11.tex,tex,300
